firstName,lastName,email,contactNumber
Andrew,Goodman,marieyates@gomez-spencer.info,846-790-4623x4715
Alvin,Lane,alexandra86@mccoy.com,124-597-8652x05682
Jenna,Harding,justincurtis@pierce.org,(335)987-3085x3780
Fernando,Ford,adeleon@hubbard.org,(047)752-3122
Kara,Woods,jesus90@roberson.info,+1-360-693-4419x19272
Marissa,Gamble,katieallison@leonard.com,001-645-334-5514x0786
Julie,Cooley,priscilla88@stephens.info,+1-675-243-7422x9177
Lauren,Villa,colehumphrey@austin-caldwell.com,081.226.1797x647
Emily,Bryant,buckyvonne@church-lutz.com,430-401-5228x35091
Marie,Estrada,christie44@mckenzie.biz,001-648-790-9244
Nichole,Cannon,blandry@henson-harris.biz,647787401
Bernard,Ritter,tammiepope@arroyo-baldwin.com,292.313.1902
Darryl,Archer,woodalejandro@skinner-sloan.biz,(389)437-1716
Ryan,Li,lmassey@duke.com,001-119-787-0125x4500
Vicki,Nunez,zgrant@sweeney.com,(217)474-0312
Sean,Townsend,lkline@maxwell.info,001-534-283-5153
Sophia,Mathis,brockmason@faulkner-may.com,001-858-762-7896x916
Helen,Potts,carrollmia@donovan-keith.com,(140)862-2659
Joann,Finley,gabriela86@sampson.com,(941)715-8720x950
Thomas,Walsh,timcoleman@frank-king.org,679.326.0724
Cristina,Lam,charlotte16@hood-zhang.org,4292705811
Vicki,Heath,alan46@benjamin.com,(889)311-5580x6390
Glenn,Wang,anna80@mata.com,834.104.6424x8311
Darius,Benitez,garrettdurham@olsen.com,+1-797-864-3151x25142
Xavier,Cruz,andersongrant@pugh.com,019-418-8625x65148
Douglas,Galloway,caleb11@velazquez.com,+1-205-528-2409x137
Phyllis,Becker,darrylshort@bright-tucker.com,-5794
Ebony,Murphy,vpowers@moyer.com,772-492-3142
Tyler,Stevenson,mmayo@gilbert.com,001-239-175-8518x52340
Cesar,Bernard,damon31@grant-morrison.com,165-366-3660x432
Darrell,Santos,hdaniels@mason.com,001-604-858-6371
Amanda,Santiago,emmarasmussen@roman-walter.biz,218-803-3440x413
Marcus,Mcdonald,cesar71@vang-wagner.com,828.230.1201x748
Lauren,Montes,hodgebrenda@roach-winters.com,001-999-585-7539x536
Brent,Hinton,greg77@patel.biz,210.072.7539x0111
Jill,Mayo,brandypowers@christensen.com,+1-160-747-3624x8230
Herbert,Byrd,gilloscar@webb.com,(969)981-1275x78285
Don,Krueger,trevor14@harvey.com,377-366-1889x912
Cheryl,Gonzales,yvette30@haas-oneill.org,9016149714
Rickey,Mays,cmcdowell@riley-wolf.org,042-976-4714x26341
Cassidy,Dillon,patrick43@stout.com,001-433-237-3081x336
Christina,Bautista,phenry@tate.biz,(964)671-6776
Alexandra,Castro,swalters@harvey.biz,+1-469-312-3108x01224
Krystal,Mendoza,mjackson@david.com,001-116-661-7356
Ivan,Schroeder,qgeorge@singh.com,524-391-9866
Stephanie,Bradshaw,debbie56@baker-olsen.com,+1-934-296-1820x843
Levi,Grimes,robertmarks@willis.com,-7799
Peter,Sosa,frederick02@gross.com,983.760.9410x39862
Valerie,Haney,yowens@erickson-charles.com,001-494-498-9432x8701
Tom,Gardner,darin81@callahan.com,(318)356-6855x56588
Randall,Galloway,stuart07@reid.com,(780)249-8976
Perry,Whitaker,jennynorton@randall.org,4490502967
Gloria,Mosley,escobardeanna@sawyer-obrien.info,296-297-8174x50153
Cameron,Little,stephen57@sellers.com,+1-172-227-4743x55703
Glen,Gonzalez,jschmidt@gardner-maldonado.com,494-494-0595
Melvin,Day,sheila46@ewing.org,001-139-178-3697x23267
Kent,Salinas,dustindelgado@west-khan.com,(750)661-7527x2590
Stacey,Martinez,mikayla38@lawson-dougherty.com,001-070-431-1693x963
Jennifer,Fleming,stoutalexandria@meza.com,(534)969-8263
Teresa,Oconnell,hhahn@cantrell.net,104.566.7360x8307
Bruce,Bass,gvang@woods.info,170-094-5436x7579
Sarah,Sweeney,lauren93@daniel-farley.com,423.393.5217x1573
Eddie,Salinas,franklinweiss@porter.net,8092572517
Trevor,Rowland,simpsonraven@liu.com,938.501.2065x13955
Marcus,Chang,deborah61@wagner.com,479-020-6144x2452
Sabrina,Roberts,brittneypotter@boyd-compton.com,252-641-5581x7135
Norman,French,spearsfrank@mclean.com,364-757-7628x522
Lonnie,Novak,manuel48@raymond.net,810-349-3016
Casey,Bauer,marilynbender@daugherty.net,001-649-360-4291x70493
David,Goodman,ylutz@sawyer.com,(976)996-6527x679
Garrett,Rosario,christiegeorge@dominguez.com,554-299-5195x7535
Colin,Vaughan,wilsonyvonne@mcmillan.com,115-772-1697
Maxwell,Griffin,priscillaharrell@glass.com,542-094-1063x74771
Diamond,Barnett,gibbsemily@fisher.biz,713.178.8679x870
Kellie,Munoz,lynnbooth@leach-lang.com,597.376.0777x7873
Sandy,Finley,hmora@brock.com,492.301.8374
Katelyn,Petersen,santosebony@foley.com,888.775.5334x190
Neil,Murray,englishstefanie@braun.com,915-049-4725x373
Carlos,Wilcox,toddlove@rogers.info,(439)435-7502x11237
Adrienne,Lamb,butlerroberta@mullen-pittman.net,012-588-1523x479
Traci,Levy,camposherbert@lang.com,+1-847-237-3203x0302
Tammy,Harmon,abigail05@mckee.info,+1-528-220-2228x19583
Nicholas,Arias,boonealex@cardenas.info,+1-650-979-8614x97335
Sydney,Solis,ortegashane@li.com,591-223-5142x5192
Jody,Beltran,fritzandres@morales.biz,+1-836-853-8086x15445
Autumn,Choi,varmstrong@braun.org,374-961-9091x6048
Chelsey,Boyer,jonathon78@werner.com,001-290-975-0712x603
Trevor,Key,bunderwood@owen.com,813.263.6136
Bridget,Molina,jcochran@burgess-costa.com,001-062-757-0468x5881
Calvin,Rocha,riveraisabel@harmon.net,069.698.1319
Austin,Matthews,stanleymeagan@gilmore-newton.com,+1-598-879-1279x72499
Molly,Murphy,kathyhuff@white-liu.com,(928)843-3496x36630
Jeremy,Haynes,lawsonmicheal@atkins.com,748.955.1267x247
Don,Henry,diamondhinton@mccormick.biz,001-004-280-4158x3147
Dakota,Bowman,branchmegan@dougherty.com,-8399
Manuel,Maynard,xingram@le.com,708-648-2498x1037
Howard,Simmons,ronnie03@bird-hood.com,001-259-817-5012
Jeffery,Wall,wanda50@webster.com,(318)952-4565x2143
Colleen,Estes,tricia22@barrera.com,(198)286-0649x642
Bianca,Henry,alan83@olson.com,+1-942-219-2911x3796
Michelle,Good,yeseniacallahan@hinton.com,215-567-4480
Eileen,Skinner,julian74@ritter-mccoy.info,(310)574-8489
Kyle,Richmond,adriennecarson@gallagher-mckinney.org,001-053-565-5203
Omar,Davies,hreid@jordan-pena.com,+1-317-955-2741x5895
Chelsea,Giles,sharon31@stanley.info,966.233.2095
Pam,Crane,luisreynolds@caldwell.com,679.659.0893
Sandy,Kaufman,carlaburton@tran-wu.info,(159)790-8136x82786
Madison,Clark,ikeith@richards.com,999.090.5244
Leah,Coffey,felicia85@joseph.com,(589)134-7453
Julie,Montgomery,jose39@huber.com,471.196.3570x531
Darrell,Small,boyerjoy@gross-meadows.info,(962)163-3676
Andrew,Bolton,meghanharmon@travis.biz,+1-964-968-7131x9267
Jaime,Hayden,mrowe@forbes-holmes.org,954-342-0875x322
Logan,Carney,rebecca89@marquez.net,5052283490
Pedro,Franco,hunterjenkins@cervantes.com,(042)683-5953x29908
Daryl,Meza,conneraaron@bryant.net,503.279.5076
Haley,Levine,hamiltongreg@perkins.com,(617)212-2099x60992
Caitlyn,Vazquez,ebush@jimenez.com,001-381-080-7260x28757
Keith,Combs,tommy24@wong-ray.com,49143402
Hayden,Cline,kristinebaldwin@holloway-sharp.com,(400)401-0972
Jeanette,Sanford,daviesmatthew@turner.com,858-428-6796
Brandon,Richmond,fmcgee@foster.com,001-804-161-7001x727
Latasha,Miller,wcarter@ali.info,7853943598
Shaun,Luna,mshaw@cantu-le.net,(092)989-4066
Allen,Mayer,danielsalinas@deleon.com,-8106
Yvonne,Jordan,mercedes83@gill.org,-4651
Joanne,Miranda,fernandoshaw@goodwin.org,+1-497-913-5358x2593
Jaclyn,Rice,tamara04@tate.biz,598-049-3970x0517
Glen,Conway,don46@freeman.net,7639303423
Stacey,Travis,ygarcia@andrade.com,835-675-9702x438
Courtney,Hughes,gary98@carpenter-nelson.com,+1-007-062-3951x97089
Raven,Nelson,fashley@burns-mckenzie.com,205080357
Kyle,Odonnell,ywise@winters.net,(869)952-6857x0872
Sherry,Ponce,vjacobson@perkins-dunlap.net,8636203771
Kirk,Villa,parkroy@baxter.com,-5155
Luke,Lucas,masonshelley@freeman.org,073.353.6987
Lynn,Tran,marisa90@huynh.com,(303)230-0292x145
Brian,Beasley,stephensmike@bartlett-wade.com,701-648-3266x75530
Christopher,Savage,debbieramos@davies-washington.biz,+1-312-445-7245x1043
Dominique,Mckinney,felicia57@fletcher.com,(641)697-2728x62920
Dwayne,Crane,logan04@hines.biz,-1436
Autumn,Cuevas,jeffreyharding@johnson.com,+1-472-150-7033x46672
Gregory,Collins,tina43@hayes-johnson.com,001-972-367-2764x18756
Isaac,Schmidt,paulakane@singh.com,1784697219
Bradley,Rangel,underwoodangel@gallagher.info,+1-835-456-3881x7677
Paige,Page,aodonnell@prince.com,(724)536-3717
Gwendolyn,Bradshaw,eugene43@mccall.com,358.010.6852
Belinda,Ferguson,billspears@harmon.org,307.998.0543
Ivan,Hines,tflowers@salinas.org,+1-576-099-0011x49994
Brett,Lin,stokespamela@koch.com,(281)503-5416x65312
Katherine,Williams,jorozco@hinton-klein.org,219-925-5503
Andre,Burgess,mayerlynn@haas-santos.org,568-903-9918x1217
Laura,Decker,vstuart@fowler-novak.com,(075)972-9288x584
Tommy,Herman,spencejennifer@bowman-pena.com,+1-286-978-0607x36120
Amber,Lyons,betty81@shields.org,+1-766-519-2349x13712
Shelia,Yang,cynthia09@vang.com,(869)648-1559
Russell,Martin,cody74@cochran-keith.com,001-170-348-6034x1281
Yvette,Willis,neil44@barron.com,2167878307
Don,Ho,rwallace@shepherd-mcdowell.com,426-986-3364
Ellen,Torres,carla57@roberts.com,001-588-362-9168x37122
Hayley,Morse,fchung@montes.com,(730)188-5971x5577
Ellen,Kerr,vnoble@mooney.org,-8149
Martha,Cruz,collinsalejandro@arroyo.com,+1-747-915-7766x306
Douglas,Carson,ethanle@gibson.com,649610158
Toni,Cline,kyleramos@lee.com,379.527.7815x890
Robyn,Berger,amatthews@owens.com,835.175.6247x754
Calvin,Roach,kathleenbrewer@sweeney.com,(705)989-7127x1441
Angel,Park,masonadriana@price.com,001-879-705-2671x02795
Bradley,Delacruz,khendrix@powers-levine.biz,+1-254-995-3856x158
Donald,Cross,srodriguez@hester.info,(211)448-9417x2645
Jeremiah,Guerrero,mosskevin@perkins.com,(358)794-8196
Perry,Trujillo,geoffrey16@gentry.com,(679)276-1120x3465
Brent,Beasley,bettymckinney@houston.com,(417)163-0671
Ariana,Velasquez,makayla22@carey-james.com,141.688.4785x1394
Don,Vincent,jarvislarry@lang.info,7475416093
Bradley,Blair,masseyriley@blanchard.com,+1-889-692-5299x5156
Henry,Conway,qrusso@le.com,091-289-4465x0219
Norman,Waters,meganwilkinson@bird-anderson.com,290-731-6829x57399
Breanna,Miranda,claytoncastillo@schroeder.org,+1-240-821-6677x7792
Seth,Osborne,xcoleman@farrell-bernard.com,423-915-1795
Lydia,Ponce,lauramorris@anthony-bullock.com,4012641567
Sherri,Bradshaw,mossangela@farmer.com,453-417-0534x1278
Alejandra,Lowe,andre80@dodson.net,(443)140-6541
Raymond,Bernard,adam45@tanner.com,(681)600-1670x08508
Patricia,Moss,pfleming@french.com,(249)381-9632
Hector,Meyers,bowersjessica@arellano-hart.com,+1-283-807-3191x14650
Pedro,Zhang,barronsergio@valencia-proctor.com,(873)766-6452
Marco,Donaldson,holmesdwayne@sheppard.biz,5644222600
Shannon,Yoder,laura10@romero.com,-5406
Brian,Downs,dcombs@mcneil.org,835-200-1345
Dillon,Cooley,cody25@watkins.com,+1-075-986-4034x964
Joyce,Chaney,joannarusso@nelson.com,682-343-3164x5621
Angelica,Schaefer,mark43@stevenson-garcia.com,(760)747-3821
Marcia,Horton,mcdowelljenna@beck-lewis.com,(993)224-4282x8920
Sydney,Barr,carlosstewart@deleon-griffith.com,(695)288-8162
Jay,Hodge,fvillarreal@brewer-pena.com,001-439-491-2180
Angela,Jackson,arthurpetersen@bolton.info,+1-196-821-6270x5206
Bethany,Barrera,rhonda48@castro.info,001-411-057-3486
Cindy,Valenzuela,maryforbes@oliver-mills.com,+1-860-035-9154x21075
Christine,Camacho,aguirrenatalie@randolph-moore.com,-2357
Tyrone,Hendrix,javierbarron@mcclure.com,390-305-6359x25631
Roy,Gould,fmoore@vega.com,(831)296-1569
Matthew,Mann,summer05@harrison-bowen.info,011-996-6415x73778
Taylor,Torres,ihuerta@lutz.info,+1-302-263-0760x673
Hannah,Waller,gouldruth@novak-dunlap.com,403-463-5810x69144
Randy,Cannon,pcampos@lloyd-leblanc.info,708.846.5418x222
Adrienne,Hunter,lindsay75@levy-valentine.com,952-008-0777x0963
Raven,Weaver,hutchinsonmartin@shelton-burnett.com,232.534.0126x732
Isaac,Murillo,schmittstephen@elliott.biz,905.799.2959x3989
Kelly,Branch,alexandranguyen@carr-gray.net,(901)932-4326x7097
Chelsey,Larson,katrinarasmussen@craig.com,(361)743-6143x6781
Rick,Marquez,josephflynn@rivers.com,6204440182
Tricia,Mckee,gabriela43@wilson-stanton.biz,417-617-5699x985
Rebecca,Blake,brownvalerie@wade.net,984.692.4496x1810
Dan,Mcmillan,martin28@gibbs-whitney.biz,+1-282-514-9380x3559
Sabrina,Hill,omiles@mcdowell.com,+1-555-941-7595x36428
Victoria,Walter,melanie66@townsend.com,012.856.3350
Jorge,Hendrix,cbates@walker.com,658.303.1832x4024
Jodi,Fox,ashley25@lutz-arellano.biz,(953)746-6609
Sara,Vargas,erikdalton@hines.org,410.944.5826
Cynthia,Johns,sellersmarvin@henry.com,184-557-2207
Jordan,Hanna,davidchoi@kim.net,-5281
Maurice,Ramsey,zturner@jimenez-wells.biz,784.610.6779x71551
Catherine,Nicholson,bdelgado@henry.com,6990218746
Sean,Todd,uwarner@meza-carrillo.com,035.655.0185
Lacey,Bond,glenncook@king-garner.com,873-589-5122
Katelyn,Wise,ndougherty@bentley-lutz.com,444.131.5864
Christine,Bowers,jmorrow@campbell.info,+1-864-462-7997x15262
Adam,Levy,pcuevas@hancock.org,937.480.3643x98361
Hayley,Ellison,ameza@cobb-poole.com,460-054-8907x237
Vernon,Warner,tzimmerman@moore.com,367.187.0987x3041
Fernando,Townsend,kelly08@miller.net,217.548.7104x408
Walter,Parsons,pboyer@lambert.com,001-810-483-0432x6641
Brady,Hill,yhaley@beasley-boyle.com,(251)597-3770
Loretta,Rice,poncejackie@mooney-allison.com,279.450.0168
Hannah,Beck,reyespaula@velazquez-gillespie.com,890.966.8503
Jocelyn,Stephens,velazquezchloe@fitzpatrick-byrd.com,001-368-217-6779
Benjamin,Chan,kari54@short.com,(195)906-4903x87261
Caroline,Clarke,amckenzie@leonard-newman.com,+1-917-288-8837x28207
Cameron,Forbes,marie76@molina.org,817.417.7386
Wyatt,Mclean,ckrueger@cervantes.com,+1-837-864-8967x79624
Kendra,Waters,tracey11@carney.com,5445638365
Tom,Bradley,terriblack@huffman-burnett.com,001-261-351-1172x386
Adrian,Frazier,ballfernando@miranda.com,049.485.9910x79759
Beverly,Kirby,valentinecarmen@michael.com,(084)862-1420x01125
Priscilla,Stuart,jessehernandez@holder.org,(914)412-7148
Roberto,Hogan,christiangriffith@newman.com,6704403702
Victor,Rogers,tannerbrandi@duarte.biz,001-446-612-7595x848
Alisha,Gallegos,bernard01@hammond-delacruz.net,001-208-419-2907x81591
Stefanie,Fuller,bonnievilla@briggs.com,841-648-5616x43918
Jackson,Grimes,fullercarly@wells.biz,(748)596-0289x119
Miranda,Robles,sgarza@thompson.com,(592)775-2595x3361
Gilbert,Bowers,sfields@sexton-archer.com,-7502
Jon,Gay,hmelendez@jenkins-ingram.org,001-464-405-4973x992
Julia,Davila,ericafrederick@beasley.org,001-230-360-3830x50623
Aaron,Potts,kathryn22@patel-gross.com,508-464-4330x29848
Rachael,Jimenez,romerotricia@chung.org,(070)216-7245x1049
Lucas,Macdonald,masseykathryn@sawyer.com,(604)145-2223
Kristopher,Sanders,eperry@yates.com,001-610-597-9134x568
Alexandria,Hutchinson,coffeymichele@hawkins-morrison.org,7449647777
Natasha,Schmitt,kelliewaters@fox.com,051.545.2869x0567
Jose,Acosta,brooke89@carson.biz,(729)033-4995x139
Cassidy,Dominguez,omcfarland@lin-atkinson.biz,(974)729-3737x75245
Debbie,Savage,vsingleton@huynh.info,793-415-0643
Felicia,Burnett,stevensonbeverly@huerta.com,903-009-4355x088
Hayley,Gutierrez,janice91@stanley.com,3911087747
Melinda,Parrish,burchlee@atkins.info,318.938.2450
Jeremy,Keith,udurham@singleton-lewis.com,561-320-1675
James,Washington,jacksondana@baird.com,9506037850
Karen,Leblanc,poneill@cameron.com,334.155.1758
Ivan,Malone,seanhiggins@whitney.biz,(636)876-3288x0194
Jesus,Cox,aaronmorse@shepard.org,(804)948-3991
Michelle,Lowery,hthompson@fritz-sparks.com,-7341
Paul,Meyers,smckay@escobar.com,350.821.3681x1897
Eileen,Graves,ddean@gray.com,+1-806-617-3289x348
Christian,Jennings,brett70@juarez-christian.com,353-105-1827
Don,Hendrix,zcopeland@arias.com,004.354.0200
Dominique,Summers,traceyreynolds@wilson.com,+1-411-245-5810x615
Wayne,Anderson,sheila72@pollard.biz,284-504-0100x286
Chloe,Franklin,suarezbarbara@cross-baird.info,321-310-2883x01104
Carolyn,Hendrix,huntercathy@henry.com,784-550-5247
Isaiah,Buckley,haaszachary@holmes.com,+1-562-432-0738x76444
Gina,Townsend,claudia60@farrell-rivas.net,001-566-919-6015x9612
Stefanie,Grant,franciscogomez@klein.com,+1-408-095-4895x59444
Cole,Combs,sdunn@newton.com,001-176-747-6010x15230
Suzanne,Pope,melinda13@andrade-acosta.com,(443)037-4233
Gabriel,Green,qballard@fitzpatrick.com,070-206-5236
Jeanne,Atkinson,holderloretta@phillips-hays.com,8338739166
Lindsay,Ferguson,marquezhaley@oliver-figueroa.info,206-154-7202x49857
Ronald,Byrd,danielle48@pollard.com,(948)291-7764x934
Marco,Holden,maureen60@chapman-duran.com,+1-972-145-5541x55966
Isabel,English,epatel@ochoa-hoffman.com,707-024-9199x09135
Nichole,Green,jpacheco@lynn.org,001-613-414-2877x508
Joann,Gonzales,earlhawkins@fernandez.com,3941592865
Francis,Miller,kristidaugherty@burch.info,163.945.6110
Stuart,Valdez,michelleodom@mcconnell.com,+1-319-809-8625x94284
Tricia,Berg,alimelissa@montes-poole.com,(572)435-5301x75929
Roger,Bauer,joanne05@barron-perkins.org,+1-827-892-2663x7295
Tanner,Hernandez,sheri28@pollard-drake.org,031.753.3794x79094
Ellen,Cisneros,whughes@daniel.com,429.177.2038x11588
Latasha,Hancock,colleen53@taylor.com,(377)266-4518x939
Jenna,Lamb,frenchcaroline@chavez.com,017-562-4594
Francis,Ball,robinlove@mckinney.com,617.578.1012x84207
Jade,Archer,afitzpatrick@bartlett.org,030.312.9861x02244
Zachary,Parker,willie12@norris-pennington.com,+1-844-254-1041x6556
Karen,Kent,vfletcher@pineda.com,436.654.3584
Joshua,Dalton,msellers@fisher.net,001-755-615-1410x02770
Kiara,Ashley,norma73@martin.com,(066)660-7132
Doris,Greene,pjones@prince-blackburn.com,268.520.3987x57283
Helen,Kaiser,jmay@osborn.com,6693060061
Ariel,Francis,gcarter@rollins.net,+1-458-511-1407x3782
Heidi,Singleton,tkelley@richardson.com,001-391-845-0719x17915
Guy,Keller,kleinmarilyn@frost-baird.biz,469-249-3295x40023
Meghan,Moses,xcannon@leblanc-hays.com,397.979.4605
Jodi,Moran,wsmall@jennings.com,+1-121-247-8279x217
Heather,York,jesse32@ingram-paul.com,754.484.8271x55016
Gail,Salazar,alvinbeck@petersen.net,685-527-3077x323
Tammy,Cantu,crystal44@holder-berger.com,780-890-7757
Olivia,Mcgrath,claytonday@drake.com,210-873-3470x71370
Michele,Case,isaachawkins@brock.net,367-436-0262
Matthew,Brock,kendramyers@moses.biz,+1-782-984-2667x648
Jenna,Henry,xzamora@rogers.net,5125333850
Kristina,Hunter,bonnie63@potter-combs.com,414.387.9962x8086
Shirley,Bowman,nicholasvaldez@wall.com,135.578.2855
Allison,Walter,ypage@pittman.com,001-997-472-7037x9094
Frances,Beltran,manuelfoster@carr-nunez.com,4349593569
Bailey,Waters,jillian22@wyatt-olsen.net,(174)118-8288x93680
Jeanne,Horn,murillobrittney@johnston-brady.com,452.640.7715x489
Jermaine,Hodges,barry83@beltran-tyler.biz,001-531-138-1723x53933
Jeremy,Clayton,bethmerritt@maynard.com,(420)591-5533x6400
Tracey,Hardy,lesterguy@figueroa-molina.com,503.865.4828x2502
Leslie,Mcmahon,destiny13@cline.com,4032262988
Peter,Moore,traciliu@forbes.com,+1-092-294-1882x3430
Ian,Krueger,uvaughn@gardner.com,4563136767
Crystal,Choi,usutton@harmon-davenport.info,-9445
Lydia,Peterson,obarr@padilla-moore.info,001-269-007-2736x370
Douglas,Waters,keithwilkins@adams.com,378-107-5527x76570
Tonya,Bond,dianemonroe@gibbs.com,001-345-268-6479
Caleb,Henson,whitneymason@dunn.com,(276)729-7190
Tristan,Lynch,cassie84@fletcher.com,+1-681-051-2503x163
Tami,Mendoza,lwolfe@chavez-morse.biz,+1-910-231-0320x38991
Leslie,Howe,susan82@prince.net,(635)622-5865x7344
Luke,Perez,crandall@levine.com,001-674-232-7886x47134
Gina,Rowe,carolinehunt@rowe-olson.com,202314255
Darius,Riggs,smcintyre@jordan.com,001-223-637-5084x4810
Hailey,Hart,regina66@ochoa.com,165.250.3587
Larry,Paul,russell17@chavez-schwartz.com,001-942-998-6981x065
Krystal,Woods,hudsonjoan@mora.net,919.201.3417x93879
Tabitha,Reilly,michealwhite@krause.com,475-797-1986x29372
Roberta,Quinn,ekoch@myers.com,907-131-1623
Reginald,Pitts,robertsonnatasha@peterson.info,+1-101-028-2024x849
Jesus,Rogers,frencheddie@contreras.org,738-112-1611x7396
Roberto,Roy,gnovak@haley.com,(565)392-5117
Jillian,Mccullough,lorettamoreno@kerr.net,(020)498-7132
Alan,Valenzuela,mccannmallory@parsons.com,(196)648-9540x823
Kristy,Dixon,jacob13@mccann.com,535-584-5025x4903
Henry,Holland,benitezgina@downs-holden.com,615.668.7783x293
Diana,Cox,crystal25@spence.com,350.631.7181x282
Sara,Middleton,mcconnellglenn@gay-boyer.org,162-920-2655x570
Jade,Jimenez,jaime61@wilson.com,001-970-532-4212x5122
Carmen,Mcclain,tsummers@dixon-vega.com,935.205.4625x707
Wanda,Sanchez,wnash@sims.net,(750)689-1255x585
Valerie,Wilcox,jeanette40@banks.com,-2429
Chloe,Hurst,smitchell@harmon.com,001-430-382-5394
Virginia,Goodman,dawn64@brock.com,139-882-2263x6505
Erin,Woods,bholloway@curtis-blevins.com,858-589-6684x49913
Cassidy,Bruce,dwaynespence@kramer.com,894.022.6936
Sally,Hinton,rose26@navarro.biz,265.484.0824
Jessica,Randolph,kayleehenderson@tapia.com,398.368.3018
Kelly,Hogan,billmata@hatfield.com,070-023-3022x79970
Derek,Chung,grahamevan@wright.com,-7700
Shirley,York,flemingcindy@dominguez.net,246.810.3195x229
Cody,Potts,fischerselena@novak-fitzgerald.biz,079.652.7124
Erin,Gill,dixonmelissa@brooks.com,188-227-7401
Nicole,Vargas,hrobinson@estrada.com,030-173-3258
Sharon,Mack,cristian24@hebert.net,-7782
Monica,Lopez,terrance86@orozco.net,1607534127
April,Jones,taylor78@roberson-cline.com,+1-892-353-6504x1617
Johnny,Reeves,moyeralejandra@ball.com,587-480-9020
Brandi,Owens,karadrake@harris.com,820.292.2415x55128
Max,Rasmussen,shawriley@rasmussen.com,001-928-549-3512x57008
Christian,Moore,moralesleslie@scott.com,6085361723
Tyrone,Holloway,wdyer@mayo.net,981-381-0758x5982
Victor,Ferguson,savannahglenn@ward.com,355-823-7028x2739
Logan,Carroll,cummingsjo@shea.info,327.237.4377
Alexis,Hawkins,lcox@hensley.biz,001-258-458-3009x78532
Diane,Reid,ballmartha@salazar-escobar.com,001-490-533-3600
Dylan,Sweeney,allisonstanton@mcpherson.net,001-650-705-7867x2798
Craig,Gonzales,chungneil@flowers.info,663-484-2848x3853
Jill,Cardenas,teresa89@wallace.com,001-939-909-2782x7296
Timothy,Chambers,sean10@fletcher.com,001-963-502-7652x654
Jaime,Terrell,ssutton@schroeder.info,363-220-7368x6517
Alejandro,Hancock,orobbins@bradford.com,481-377-5274x93190
Gregg,Rodriguez,bernard04@evans-cooley.net,436.480.4182
Deanna,Pacheco,courtney52@farley.org,006-352-7818
Mariah,Barton,rangelbrad@oconnor.org,001-102-790-2116x365
Valerie,Branch,jennifershannon@lane.net,(430)970-8216x0109
Jonathan,Norman,chubbard@haney.com,(483)724-6953
Samuel,Drake,xholden@walsh.com,301.235.8441x37411
Riley,Aguirre,pattonsydney@graham.com,001-500-057-5041x46881
Jermaine,Baker,atkinsonheather@sutton.com,+1-219-345-0818x074
Holly,Hartman,tinakerr@aguilar.info,+1-840-650-0263x98690
Haley,Frost,snyderfred@santiago.info,(840)558-2581x5754
Lindsay,Crane,xgordon@king-terry.com,2582927721
Adriana,Bartlett,makaylalove@foley-rodriguez.net,9302632754
Bethany,Ruiz,caleb30@mccann.com,001-008-242-5333x78184
Gabriel,Weaver,rellis@blankenship.com,(886)349-6273
Jimmy,Heath,allenwalter@escobar.biz,288.812.1579x011
Craig,Powers,donnasandoval@sellers.com,801-840-8731x59596
Colin,Howard,manningsuzanne@osborn.net,268-341-0043
Edgar,Zhang,rbradley@buchanan-rogers.com,+1-178-548-2749x097
Carolyn,Lucero,ihawkins@tanner.com,838.597.5076
Tonya,Parsons,singhfrank@castillo-horne.org,+1-844-243-2253x59574
Marc,Small,michaelcandice@booker-hall.com,+1-282-750-6217x95672
Dakota,Elliott,goodmanhayden@marquez-fritz.biz,200.531.2955x94238
Hector,Barry,ofriedman@gonzalez.com,2280590908
Morgan,Wells,alec48@copeland.com,(682)051-4671x2714
Maxwell,Glenn,stefanie43@hooper.com,001-775-349-4096x39370
Melody,Young,brichard@cervantes.com,3016263066
Alejandro,Sutton,jillrichmond@pugh-roach.com,+1-797-827-1242x92150
Jermaine,Banks,wilkinsondaisy@chaney.com,215-615-3911x03142
Terry,Woodward,mcculloughkylie@ford.com,(025)888-2467
Tanner,Cherry,melvin55@marks.net,323-622-6142
Troy,Elliott,ezamora@burke.org,(105)480-0123x26243
Barry,Rubio,brad79@powell.org,879-877-0959x8275
Samantha,Lutz,collin50@wilkinson.net,399-272-1656
Wendy,Trevino,christyconway@reid.com,+1-649-246-3192x6283
Greg,Mcneil,anitadorsey@mccarthy.biz,(134)788-2076x01663
Rita,Hutchinson,friedmandean@hodge.info,+1-281-101-3018x350
Rose,Robertson,downsjackie@cole-orr.com,+1-055-837-7879x1252
Paige,Aguirre,robertsmelanie@swanson-willis.net,(294)388-8874x77749
Xavier,Terry,shamilton@wheeler-jensen.biz,001-044-902-1021x0730
Michaela,Thornton,raysimon@smith.com,001-512-968-0738x36067
Kyle,Rojas,donaldsongina@underwood.com,(992)339-2987x8823
Devin,Baxter,ubennett@mckenzie-farley.info,509.529.1957x1149
Omar,Farmer,aowens@arnold.com,6754419752
Desiree,Vang,leeeileen@peterson.com,001-459-908-2770x5164
Fernando,Wade,frederick82@pham.info,058.700.1805x79527
Anne,Winters,ybanks@velazquez.biz,1543433537
Glenn,Harrell,luis88@calhoun-gaines.com,410-876-8930
Tracey,Boyd,oconnellkristopher@roberts.com,528-632-2992
Catherine,Becker,qlambert@obrien-gay.com,001-952-882-4943x6521
Sharon,Farrell,masseyvickie@prince.info,961-490-5003
Clinton,Schwartz,robin51@caldwell.net,4026886241
Sheri,Perez,kyle22@robbins-trevino.net,137.658.0730x2226
Beth,White,hendrixjoanne@hooper.info,001-277-408-3148
Cole,Benitez,geoffrey76@gonzales.org,(485)799-9011
Caleb,Chapman,lindseymcmahon@hayden-tucker.com,9173070717
Glen,Eaton,jcantu@clayton.com,069-570-2406x42623
Cristina,Hanna,mathew61@woodward.com,+1-009-592-5692x07601
Kathy,Owens,ugordon@boyer.info,457-249-1421
Rachael,Keith,paula85@douglas-mann.net,+1-163-733-5172x202
Marcus,Thompson,gravesjanice@rice.org,296285294
Norman,Mclean,nathaniel65@copeland-levy.org,101-792-2248x75474
Brandon,Cross,currysabrina@henry.biz,001-381-394-5895
Autumn,Soto,robertasharp@vasquez.info,8241986767
Jaime,Cervantes,casey71@little.net,119-870-5313x089
Reginald,Blankenship,plawson@reyes.com,001-379-229-1128
Chelsey,Mcknight,aaroncollins@nunez.com,+1-949-959-6027x4955
Clayton,Lindsey,katiestanton@villa.com,348-428-5110
Kurt,Prince,thompsonangie@may.com,+1-392-021-7859x819
Joy,Choi,sheenarichards@harrison.com,-8629
Jeremiah,May,fgoodman@livingston.org,(262)014-0619x128
Candice,Huang,adamsjim@luna.com,075.648.5185x0727
Alejandra,Tran,kporter@kelley.com,154.782.0511
Shaun,Richardson,craigkent@waller.com,+1-334-107-6270x7050
Darryl,Russo,qbates@randall.com,(813)961-4357x6049
Joe,Cabrera,wesleymcfarland@dunlap.info,(576)331-1523x4246
Travis,Duran,rshields@mack.com,001-422-237-1259x85115
Warren,House,brittneytravis@salinas-zhang.org,001-958-863-5451x76396
Katherine,Haas,iheath@woodward.biz,+1-600-942-9704x234
Karen,Burton,gary29@craig.org,808-117-7855
Logan,Riddle,valerie78@osborne.net,977-123-8872x405
Kathryn,Hester,mccartycandace@mclean.com,001-298-135-6349
Christina,Villegas,isabella03@rojas.com,(470)738-3122
Joel,Walters,icalhoun@scott.com,001-751-158-4289x09917
Frederick,Delacruz,kiaramacias@banks.com,7485075124
Warren,Cantrell,darrell62@dickson-nielsen.biz,698.165.4951x0179
Melvin,Bates,rashley@robbins-boyer.org,+1-188-596-0811x285
Meredith,Pollard,sandy88@dougherty-gordon.biz,001-318-243-7439x5141
Dawn,Hines,nataliemedina@mitchell.net,469-276-0499
Audrey,Goodman,martinjeanette@petersen.com,2530282881
Kurt,Waters,sanderscheyenne@peters-ware.com,184-270-7286
Eugene,Harper,charlotte42@bowman-arellano.biz,+1-115-518-1104x112
Caleb,Eaton,weverett@dixon.info,1736964162
Kaitlin,Mejia,ross23@hooper.com,001-461-800-0549x5927
Jennifer,Mercado,deannamiller@boyle.com,001-642-243-5591x490
David,Cardenas,mpetty@clark-allison.info,078-430-6698
Jenny,Reid,dustinrhodes@fischer-hendricks.com,057-794-7283x0115
Lonnie,Frye,ronnieprince@haley.com,558.481.0137x0251
Janice,Mayer,careyspencer@ellison.com,001-168-423-5408x6465
Debbie,Bates,sfrederick@fowler.com,890-390-7381
Jean,Christian,gregory88@kane-atkins.org,(804)752-9766
Philip,Harding,barrerasamantha@manning.com,161-735-9006x7587
Jillian,Oneal,wilkinsontravis@booth-crawford.biz,001-488-605-1551
Mindy,Christian,jessicagillespie@ibarra-cannon.org,061.633.7317
Bobby,Mclean,hodgekiara@conley-haynes.info,001-841-118-6847x3429
Amanda,Santos,slivingston@cherry-lara.info,092.983.8391x0219
Ralph,Buckley,hansenjoshua@pugh.com,001-027-190-5941x6139
Brian,Montoya,jblankenship@harper.com,011-512-9780
Joann,Dyer,llowe@mcmahon.biz,(381)810-3453
Rhonda,Cook,rollinscristian@harvey.com,-6373
Charlene,Huffman,belindawalls@wall-dalton.biz,-2363
Abigail,Shah,ecollins@wise.biz,3369249620
Frances,Bridges,nicholemccann@logan.com,063.207.4071x2868
Belinda,Kaiser,susan95@burgess.com,(088)972-6248
Michael,Griffin,priscilla21@richmond.com,(520)429-5635x25615
Brooke,Briggs,moraleonard@grant-murphy.org,522-888-4371
Desiree,Sloan,pittmanjay@pruitt.org,266.796.3286
Jared,Floyd,qenglish@huang.com,(698)752-4375
Latasha,Spencer,sean06@bridges-serrano.com,-8904
Joy,Mack,calebsolomon@li-berg.com,893.494.3142x496
John,Rhodes,jamiemontgomery@cameron.org,062.297.8516x2490
Claire,Schaefer,hannah33@leach-frey.com,001-466-412-2339x568
Judy,Nguyen,tmoses@mueller.com,225.985.8787
Andrea,Dennis,stephensonkevin@rojas-strong.com,291.037.8984x1081
Karla,Middleton,nathanielmoreno@cunningham.com,162.631.2031x11874
Sean,Coffey,tbartlett@knox.com,(047)724-5640x598
Nichole,George,warddeborah@eaton.com,(821)763-1287x67117
Justin,Dougherty,robersonangie@thornton.com,2468288047
Devon,Smith,glenda72@hobbs-watts.com,001-128-294-9900x938
Becky,Scott,rblack@benson.com,001-670-136-2445x2162
Misty,Espinoza,zbarron@ross.com,8958143127
Franklin,Rivers,miguel73@fisher-hatfield.org,6452262596
Leonard,Barber,gainesbethany@washington-pearson.com,(339)897-1478
Lonnie,Price,hbradshaw@wang.biz,776-314-9384x06185
Clarence,Cantu,billy41@malone.net,(811)826-3109x160
Johnny,Foster,lancebenitez@nash.info,997.299.6070x719
Richard,Vasquez,jonesjacob@downs.com,001-416-240-5397x41745
Tabitha,Compton,joneskrystal@blackburn.net,(415)148-9992x348
Adrienne,Wong,yjenkins@lowery.com,+1-104-867-8861x020
Jorge,Farrell,alfredsnyder@tran-ellison.com,001-744-318-0340x612
Kathy,Richards,anitavillarreal@reilly.com,+1-641-650-3021x87498
Larry,Ellison,chelsey46@calhoun.com,001-701-867-1383x1224
Gabrielle,Chaney,ulogan@gilmore.com,(446)815-9851x55536
Maxwell,Macias,ray95@barnett.com,+1-471-377-5595x163
Joyce,Chan,calhounkari@thompson.info,(991)333-4640x442
Kari,Durham,kathrynsims@wong-chapman.com,604.491.3461x377
Trevor,Mckee,nicholserika@cooke-le.net,775-020-2079x497
Diana,Thomas,brendan87@hale.com,735.512.3835x8357
Cynthia,Moss,victoria21@pope-ortiz.com,115.810.4850x424
Billy,Garrison,kylie93@patterson.net,(361)385-5690
Grace,Austin,hayley87@washington.org,(873)949-1983x4897
Kerri,Hamilton,scurry@schaefer-tate.info,+1-293-778-8348x6650
Kaylee,Wright,barbara31@page.info,+1-698-954-3625x127
Manuel,Delacruz,alexandria98@shields.com,608-850-4442
Helen,Baxter,pacenatasha@whitaker.com,+1-697-804-0117x4196
Leon,Hendricks,drew59@strong.info,(279)741-0423x69516
Henry,Contreras,gregorymcfarland@rodriguez.com,355-017-0172x376
Gerald,Tanner,isabel75@rubio.com,+1-828-078-2073x85914
Ariel,Arnold,sarroyo@mejia.com,(730)428-6709x177
Judy,Fisher,dflynn@spears.com,813.823.3028x1288
Miguel,Wood,hblankenship@ellison.biz,772-470-9914
Lance,Gillespie,urojas@wolf.org,(613)802-1612x3942
Natalie,Wang,larsonray@hodges-bartlett.net,313-974-3712
Charlotte,Byrd,braunjillian@mcintyre-delgado.com,8725386164
Chelsea,Wagner,clayton96@knight.com,934.865.0142
Larry,Rollins,spearsmarissa@flowers.com,584.674.7798x202
Paul,Leblanc,wolfedanielle@pitts.com,(286)680-1556x571
Caitlin,Vance,bonnieparks@ritter-flynn.com,(388)401-9174
Adam,Shaffer,isaiah33@ho-lane.com,543.138.1663x40499
Martin,Rocha,montgomerycharlotte@wong.com,+1-970-276-7201x890
Ronnie,Erickson,tricia95@mcdonald.com,106-963-0970
Sheryl,Delgado,larry51@stark.com,(305)830-2923x7751
Kristen,Williamson,watkinskaylee@pacheco.biz,122.795.8554
Cole,Warner,dorislucas@evans-hartman.info,-1761
Lee,Mercado,wilkersonnicholas@crosby.net,001-688-880-0262x9032
Paula,Bates,sethrhodes@silva.org,001-127-810-4196x93626
Claire,Shaw,chaynes@rasmussen.com,(232)325-5438x4420
Amy,Mclean,hamptontammie@gonzales.com,(864)992-4522
Joshua,Winters,brittanylandry@whitaker.org,535.993.8658x5889
Brian,Pittman,stevesuarez@winters.com,001-306-273-3597x195
Jeffrey,Waters,mezakristina@hunt.com,001-785-526-1474x848
Denise,Barber,qmyers@dominguez-doyle.net,255762512
Wayne,Sanders,eshea@simmons-calhoun.org,6216972099
Sandra,Sparks,mcgrathdalton@barr.com,(387)623-0064
Jose,Singleton,donhood@gilmore.com,829-791-0792x681
Joel,Shea,gfarley@wheeler-ayala.com,+1-517-016-8892x66533
Sergio,Marquez,darrylbarker@hebert.com,001-841-550-2611
Latoya,Decker,audrey14@hopkins-serrano.biz,018-498-6552x49343
Chase,Guerrero,randall08@palmer-wells.com,345-139-2949x294
Jeff,Tate,carlsonguy@massey-brock.net,+1-723-951-5181x51343
Brandy,Valentine,dkirk@bartlett-gross.org,001-328-943-0547x44801
Jade,Vega,ihaynes@velazquez-robertson.org,852-988-2801x920
Melody,Nielsen,biancapratt@espinoza.org,(792)527-4293x9478
Brandon,Webb,cheyennemurillo@campbell.com,247-496-3617x4442
Jean,Mclaughlin,jeffrey93@russell.biz,316-885-2486x37693
Albert,Case,krystal85@aguirre.com,1409330227
Jose,Duarte,billykerr@martinez.org,001-921-628-7818x742
Jennifer,Brady,darrell48@robinson-graves.com,559-737-7735
Angel,Conner,fgeorge@daniels.com,+1-799-038-1973x31589
Alyssa,Gamble,donaldsondamon@dickson.com,446.077.4531
Lawrence,Campos,santosrussell@hicks.com,126-968-6585x449
Joyce,Michael,tomwyatt@fischer-morgan.biz,001-924-051-0560x8625
Doris,Fox,gerald81@norris.com,(049)441-6524x3925
Johnny,Harris,ihutchinson@bass-nunez.info,(934)006-7345x1991
Leroy,Vargas,helen10@mcgee.com,001-731-995-1045x73172
Diana,Green,anarobles@barton.com,1330301835
Victor,Bowman,nkey@buchanan.info,855.904.1357x422
Alexis,Perry,singletonbriana@cameron.com,(864)068-9264
Xavier,Mooney,jessesavage@barr-mathews.com,001-871-544-0771x92696
Lawrence,Gross,ryan38@delgado-crane.com,514-979-1897
Albert,Myers,wnielsen@reeves.com,001-431-456-7655x0805
Mikayla,Oneal,rbryant@ritter.org,(667)520-6791
Frederick,Mcgrath,jonathon19@hicks.net,282-880-3704x78176
Kirk,Benitez,mconley@mercado.com,(393)009-8348
Alex,Mcdonald,bailey40@le.com,661.855.9643
Trevor,Hayden,kathleenvillanueva@bullock.com,+1-054-671-7769x0601
Sherry,Lane,vmorrison@contreras.net,+1-291-770-7166x110
Mallory,Pratt,cunninghamshelly@hines-curtis.org,886.407.6741
Daniel,Flores,bvance@pollard.biz,+1-571-521-3846x57224
Jesus,Kane,moyertanya@santos-fletcher.com,108.971.0721x622
Gilbert,Hendricks,castilloluis@kent-reese.biz,(221)089-3081
Kerry,Sanders,zcase@mccarthy-patton.com,001-226-444-9485
Alexandra,Davidson,deleonclinton@harrison-small.com,(046)172-4456x00453
Vincent,Carey,josephmeyer@cameron.com,001-700-782-7652x43567
Parker,Russo,hancockbrianna@mccann.org,800-134-7296
Ebony,Velasquez,marvinschmidt@lopez.com,(273)873-2514x0301
Jesus,Holden,rutharellano@stafford-gross.com,201-923-9778x77610
Candace,Chen,candiceguzman@carlson-graham.com,580.784.5445x8799
Juan,Saunders,choidean@hays.com,622.669.1603
Richard,Serrano,mario93@roy.com,1312959767
Rick,Barrera,cmercado@reed.com,1246308068
Meagan,Hoover,alvin00@zavala.com,045.978.0060x2686
Larry,Huff,kennethtownsend@dominguez.biz,001-460-621-7336x21105
Kelli,Gonzales,jgonzales@maddox.com,(146)723-4725x320
Crystal,Howard,gwendolynterry@blanchard.com,(294)591-5368x2730
Frank,Walter,leachnina@cantrell.com,001-835-636-2317x30070
Rhonda,Donaldson,ellisontanner@gray-lewis.org,683-206-2812x62499
Lisa,Duran,hammondcristian@berry.com,(530)069-8101x9936
Isabel,Cisneros,mccarthyangel@tate-lam.net,-4148
Bianca,Jennings,rodriguezralph@herring.biz,1044305513
Leon,Lang,grahampaige@carpenter-olsen.com,001-887-377-4049
Luis,Zamora,mcleanmichael@arroyo.com,+1-879-821-5036x88727
Mitchell,Chang,colleenbarnett@hobbs-smith.com,(431)117-2099
Edgar,Terry,kphelps@trujillo.net,433-658-4621x897
Norman,Howard,peggy04@mack-chambers.biz,001-425-986-9926
Fred,Alvarez,ccollier@baxter.com,001-084-338-7865x4610
Lauren,Nunez,harrellkirsten@knox.com,5031912516
Kristen,Terry,qhinton@ferguson.com,(092)964-5423x51182
Olivia,Cross,alec41@stuart.net,(834)478-1447
Leonard,Pennington,victoriacooper@avery-mooney.com,780.597.0581x28424
Nathan,Bryan,brucecarrillo@evans-powell.net,500.343.1102x896
Theresa,Gallegos,ybrandt@hahn-mejia.com,652.313.4558
Jamie,Hayes,max17@estrada.info,156.475.1722
Wayne,Herring,maxwellallison@gay-lynn.net,001-465-264-0729x0552
Allison,Franco,wileybill@archer-mckenzie.biz,001-008-787-6625x2345
Ronald,White,mmcclure@wiggins.com,682-407-5337
Deborah,Taylor,catherine11@fleming-hull.com,3272511481
Shari,Bender,mannashlee@kaufman-osborn.com,001-315-690-9856x3289
Brooke,Gibbs,stefanie48@fowler.com,642-178-2908
Ashley,Melton,dustinbray@edwards.com,+1-954-391-2767x2713
Teresa,Hart,williamschmidt@watts-west.com,(810)085-5362
Bonnie,Erickson,blakefitzpatrick@preston.com,905.720.1280
Ruben,Trevino,ksheppard@moody.com,001-001-755-6573x744
Fernando,Perez,lancearellano@gentry.com,935.662.4930
Katelyn,Cabrera,msantana@lester.com,001-748-474-1725
Sylvia,Lin,stevensmaureen@watts-tapia.biz,(737)463-4946x28020
Margaret,Snyder,mirandaburnett@bradford-ross.com,852-405-0322
Trevor,Schwartz,graceherring@pratt.org,(143)125-7299
Bethany,Colon,mallory42@porter-cox.com,7672452943
Dustin,Vaughan,rebecca69@nolan-hines.com,001-581-265-7460x9128
Jim,Oconnell,charlespriscilla@adkins.biz,(917)645-8692x92417
Kerry,Roberts,brettcrawford@griffin.com,(809)288-0431
Allen,Mcgrath,lisa85@rivera-schroeder.com,780-141-8750x802
Darlene,Ware,xrosales@odonnell.info,(773)609-6534x03500
Jane,Roman,hollowaymarcia@boone.com,+1-938-981-9582x3808
Sheena,Burns,garrettwheeler@bullock-cervantes.info,724.799.9739
Patricia,Cole,tiffany09@hunt.biz,553-341-9264
Shannon,White,romanjoyce@ryan-macias.info,163-260-7090
Mandy,Farley,duncanmadison@schmitt.com,(397)855-9737
Walter,Barber,jimmy88@cruz-mcmillan.net,778.939.1428x252
Summer,Fox,peckbenjamin@medina.com,+1-262-020-6183x48272
Jeffery,Stuart,karl79@shannon.com,305.375.4582
Carla,Saunders,bmoreno@fisher.net,651.181.4126x613
Dustin,Herman,gkane@young.com,(062)385-6926x539
Melody,Mckay,bookerdennis@garrett-winters.com,159.010.0744x631
James,Ward,sara28@singleton.net,(674)232-5443x309
Jasmine,Berry,garzabianca@reed.com,972.058.3388
Vanessa,Webb,arielbryant@kaufman-frazier.biz,-7239
Jermaine,Diaz,shelby88@merritt.com,001-686-391-4184x965
Mary,Holder,alexandraforbes@conrad.info,351.778.7812x29993
Johnathan,Mclaughlin,stefanie30@hurley-wall.com,934.810.4293x4609
Tracey,Massey,meghan46@james-villanueva.com,-5334
Tristan,Brooks,maynardkatrina@stone.com,640.241.8960x05257
Sara,Gilmore,wongwarren@riley.com,(230)972-0993x995
Norma,Page,sabrinapeterson@webb.net,143-554-2456x8134
Levi,Todd,cuevasjade@gilbert.com,+1-046-739-9713x6359
Anthony,Curtis,colleen70@johnston.com,001-178-230-7640x879
Kristine,Hawkins,natashawarner@arias.com,9325649072
Ann,Levy,svance@mendoza.com,107.331.8104x247
Laurie,Mccoy,hughestyrone@medina-morrow.org,(083)997-1630x678
Stephanie,Rivera,leonpedro@moss.org,(291)032-7478x3921
Ebony,Yang,lbray@ferrell.com,413-413-4353
Norman,Morton,jermaine75@fowler-hancock.com,(202)135-7697
Joann,Holder,strongterrance@wolfe.com,+1-641-824-1725x67554
Catherine,Davis,clinedennis@madden-cox.com,001-620-071-4382x98993
Grant,Mercado,pgarcia@floyd.com,(084)072-3076
Jessica,Aguirre,garrettmacias@booth.net,+1-101-651-8437x6195
Trevor,Bowers,joycedarryl@dillon.info,001-634-310-3561x7767
Autumn,Norris,mckenzie25@lang-donaldson.biz,+1-389-275-8637x6575
Nancy,Price,mikaylagreen@coleman-cowan.net,(244)951-9482
Kevin,Lozano,jeffrey39@bautista.com,012.667.8351x50404
Dale,Hendricks,robertamays@waters-joseph.com,975-431-3171
Alexis,Carroll,patricia79@fritz.net,(512)836-3507x74778
Javier,Bowers,harmonclaire@reilly.com,(075)457-5517x67530
Zoe,Guerra,cnewman@price-morrow.com,345.492.4217
Tim,Henson,matthew00@sheppard.com,378-939-1964
Tim,Larson,toni70@santiago.com,(689)706-2281
Brian,Banks,fordholly@mason.biz,956-608-9324
Destiny,Cooke,wandaruiz@hurley.com,+1-086-366-1883x533
Austin,Bright,ryanapril@francis-rowe.com,001-526-053-4198x29394
Briana,Davis,jermainefleming@vazquez-hughes.info,001-955-011-6356x92144
Darius,Lara,ualexander@braun.org,+1-293-097-7390x7846
Toni,Rhodes,ayalapamela@reilly.biz,001-740-951-9735x19690
Warren,Willis,qnunez@vincent-gregory.info,(690)988-2386
Colleen,Cordova,hardywesley@barber.biz,241.016.4601x58665
Marie,Norman,ogoodman@small.com,001-353-743-7661x22563
Jasmine,Morrison,mhayes@moss-martinez.com,(085)177-8857x9901
Catherine,Perkins,ebony76@odom.org,2799043535
Nancy,Williams,mcmillankarla@jarvis.com,+1-090-310-5683x912
Noah,Hebert,abarrett@hodges-anthony.org,9114830093
Latoya,Gillespie,aprilbranch@knight.com,643.977.6128x19318
Chelsea,Oneal,prestonbarnett@bell-haynes.com,706.726.7143
Katie,King,potterdamon@mccall.com,001-821-418-6267x16142
Colin,Doyle,allenbrady@robbins.biz,950.410.8691
Sonya,Schroeder,kayla90@andersen-huber.com,+1-620-337-2594x249
Kayla,Guzman,patricksteve@fleming.info,9224105102
Christie,Jenkins,breese@oneill.com,681-064-4489
Joanne,Ferguson,haley88@contreras-farmer.com,409-258-4406x903
Yolanda,Robinson,daniel92@lynch.com,+1-635-918-7688x045
Katie,Craig,ronaldwheeler@figueroa-hendrix.net,971-044-1114x03531
Dakota,Chavez,chanpatty@mclaughlin.com,616.268.3843
Johnny,Randolph,martindoyle@villegas.net,001-305-523-1330x558
Collin,Alvarez,ritablake@shepard.biz,001-272-422-9616x2196
Cassidy,Melton,qmooney@banks-huber.net,961.864.7074x44148
Adam,Singh,chandlerluis@forbes-dickson.org,(201)217-5414x76650
Hayden,Pugh,aprillewis@pham-tanner.com,725-149-0412x68802
Kellie,Salas,peter54@bentley-morrison.com,5705813957
Caleb,Watkins,isaiah61@vazquez.com,(135)892-4638
Troy,Fritz,rmartinez@huber-larsen.info,119-263-4993x0315
Phillip,Duffy,christian65@mayo.com,7397048829
Claire,Robinson,sbeck@gray.com,712.336.6117
Jackson,Estrada,larry07@long-banks.biz,(660)779-1538x821
Tiffany,Peterson,alisonali@gibson-paul.com,+1-858-319-6403x781
Jessica,Carlson,floydandrew@chang.org,3340955302
Alvin,Roy,gerald08@farrell-roy.com,001-476-415-2700x35855
Harold,Paul,juarezphyllis@cunningham-hodge.org,490.268.7559x40231
Rodney,Underwood,tracihayden@clarke-little.biz,+1-780-140-3427x06362
Adrian,Herman,gutierrezbob@paul-mccoy.com,(403)064-9377x718
Clifford,Phillips,andersongrace@odom.org,+1-677-924-6108x520
Regina,Mccoy,rushshari@day-singh.com,(986)519-8640
Kaylee,Bowers,billymiranda@knight.biz,922.157.5301x43064
Reginald,Frederick,robert91@maldonado-knox.net,+1-650-842-6537x733
Shelby,Reese,charlene99@dixon.com,-9083
Connor,Gentry,igraham@flowers-stein.biz,+1-340-458-8448x9429
Kevin,Fleming,justin34@ruiz-wood.info,157.074.5677x8272
Connie,Mercado,gallagherfrank@fitzgerald.com,(007)901-2759
Kaylee,Barber,nicholasmaldonado@west.com,590-801-4830
Betty,Duncan,joel57@singleton.org,-8321
Dwayne,Sweeney,rbryant@burnett.com,(128)520-7063
Kenneth,Anthony,piercefranklin@livingston-bass.biz,001-827-560-0044
Peggy,Montoya,goldengilbert@goodman.org,9941127439
Jonathan,Briggs,dicksonshannon@levine.net,(824)218-5384x131
Sean,Gray,drewmcgrath@bowen.com,(432)642-7473
Rebekah,Villegas,erik89@woodard.biz,+1-358-433-4717x053
Lisa,Small,chungsharon@zavala-bond.info,(839)370-9200
Paige,Pineda,hughescesar@pacheco.com,+1-686-352-5419x4518
Howard,Glass,ykeith@lloyd.biz,466.476.5092x2423
Jose,Bond,roberta05@bates.com,620.213.5251x61915
Janet,Bass,yorkjermaine@noble-hayes.net,961-279-7725x8495
Jasmin,Waters,pclark@ortega.com,(100)042-3614x67556
Jennifer,Mcintosh,bianca43@nixon.com,(658)565-9042x785
Gina,Benson,geoffreywagner@willis-macias.com,260.034.6056
Vanessa,Gardner,haley36@maynard-richard.biz,367.346.5645x20766
Brenda,Clark,taylor22@chavez.net,172-984-8633x59652
Chelsea,Randolph,corey96@conner.com,(953)765-3316
Tabitha,Logan,melvinwilkerson@serrano-ochoa.com,(858)389-8354x92996
Anne,Cabrera,sabrina88@buchanan-richards.net,450-030-9497x5825
Logan,Lamb,wsutton@vega.com,296-486-6498x3584
Reginald,Mann,gabriela19@rivera.net,311-758-1838x851
Bob,Rosario,elijah10@zimmerman.com,+1-727-528-9832x0341
Andrew,Weiss,monica69@cohen.org,001-739-121-0612x185
Rita,Livingston,earias@rangel.info,(848)440-4216x2032
Briana,Peck,miguelwilkinson@shaffer-beasley.com,001-921-460-8818x909
Brady,Mcdaniel,echapman@small.biz,+1-352-880-8085x79835
Clifford,Rivers,khoover@atkins.com,811-895-1562x16746
Kathryn,Burgess,hayden76@estrada-michael.info,004.464.5105
Rodney,Esparza,bkirby@arellano.com,640.924.7378
Gabrielle,Vincent,isaacbyrd@chang-mcdonald.com,(330)060-8763x13256
Yolanda,Schroeder,andresgrimes@graves.org,997.566.7029
Jonathon,West,maureen96@heath.info,(805)214-9010
Lee,Harvey,tracie58@marsh.com,001-504-823-7259x294
Yvette,Mccoy,aatkinson@suarez.biz,1888274804
Kayla,Fleming,emma49@dunlap.biz,571-790-4196
Vernon,Flowers,xkeller@cole.com,001-411-825-1728
Bobby,Dodson,eugenemarsh@english.com,+1-103-694-2177x07046
Lindsey,Blevins,lacey67@weeks.net,(088)976-7646
Jared,Howe,larryhoffman@jarvis.info,(281)073-0559x1032
Mike,Mckay,sschroeder@proctor.com,768-471-6955
Leon,Summers,shelia48@salazar-petty.com,463.646.6346x373
Darren,Gibbs,maddoxdevin@burch.com,001-374-843-5948x172
Chase,Lucas,cannontyler@townsend.com,001-935-548-0761x3295
Kent,Cobb,tracicabrera@park.com,(929)948-5632
Miranda,Lawson,audreymarks@howell.com,-10964
Kathy,Nguyen,breanna07@maddox.com,360.599.9289x53367
Jeremiah,Rubio,wblake@oliver.com,189-903-6785x140
Gilbert,Barry,sheenaboyle@stephens.net,668.708.3988x52213
Tony,Shannon,bailey25@parks.net,(653)584-1417
Dana,Salas,prattdouglas@todd-wolf.info,(559)029-8611
Benjamin,Galvan,masoncarson@meadows-deleon.com,645-072-8460x93481
Teresa,Vargas,tim18@daugherty-raymond.com,742.369.1842x534
Tricia,Leon,brendantodd@curtis-gross.com,072-837-0392
Carmen,Daugherty,riosraven@case.com,+1-635-818-8774x874
Tiffany,Rowe,alice75@burke-peck.net,001-851-807-6472x362
Wesley,Snow,farleygene@white.biz,+1-537-095-1160x857
Raven,Mejia,princeadrienne@patrick-brewer.com,(138)399-4430x4215
Elijah,Richardson,moonbeverly@leblanc.com,-8193
Colton,Sandoval,mosleyheidi@walter.com,+1-692-985-7073x2420
Krista,Mcclure,wyattwinters@cole.org,5571388845
Johnny,Rubio,skaufman@cline.com,+1-427-530-1546x613
Amy,Ballard,brockoscar@cole.org,(549)636-2012
Rachel,Watts,kelliroy@sawyer-barker.com,001-884-328-3072
Judy,Mullins,hdonaldson@harmon.com,(607)174-9629
Priscilla,Huff,gregoryrobyn@summers.com,331-641-0899x39193
Zoe,Solomon,angelicaarias@harmon-cabrera.info,711-700-7316
Gabriella,Ho,ericperry@simon.com,-1285
Jeff,Jensen,alice96@payne.com,4846115390
Natalie,Ball,scottdrew@vazquez.com,994-837-8130
Matthew,Fields,eriksnyder@giles-bowers.com,(755)596-9258
Jack,Mendoza,kmccullough@bryant.com,+1-186-954-2345x50800
Sheryl,Lyons,mcfarlandrobin@callahan-wilkins.com,4607479481
Nina,Contreras,willisemily@kidd.com,+1-485-800-8615x614
Samuel,Walker,grace28@bullock-mcpherson.com,964-392-4331x122
Charlotte,Spencer,ashleyrubio@holder.org,+1-318-651-3240x85546
Eduardo,Schultz,monique25@scott.com,+1-811-191-5436x801
Adrienne,Medina,edwardsjoyce@freeman-chang.info,2359699770
Darrell,French,mayerdaryl@krueger.com,001-877-608-0266x60716
Rodney,Dunn,candacecalderon@green.com,(585)620-7194
Bryan,Sampson,allison44@bonilla-schmidt.info,001-937-687-3361x3635
Gregory,Baxter,mcochran@woods-norton.org,070-106-2837
Edgar,Norman,orangel@bennett.com,(116)825-6659
April,Garner,maloneclayton@figueroa.org,(236)750-8118x7379
Mercedes,Bush,patricia64@ballard.com,(455)733-8072
Theresa,Randolph,hcortez@greene.com,651-731-8085x65555
Tom,White,moniquemcneil@dudley.com,583-004-9289x49426
Tiffany,White,dorisfritz@curry.org,(034)709-0999x48553
Lacey,Clark,mcbridebrad@kirk.com,682-061-5849
Gail,Thornton,melinda57@pham.com,+1-966-127-7839x7355
Leslie,Figueroa,geoffreysteele@rios-morrow.net,705-681-5759x767
Katie,Mcintosh,stephenharper@wall.com,001-962-347-9603x708
Kelly,Bradshaw,tgill@novak-patton.com,(562)102-3959
Blake,Avila,alexander77@mcdonald-daniel.info,013-020-1516
Jesse,Miranda,richmondkeith@kelley-young.com,586-661-5901x98348
Kristi,Thompson,ericalee@stanley-waller.net,8240496302
Isabel,Snow,ralphmcdonald@ware-bryan.biz,132-733-2938x347
Donna,Sims,mackenziemaldonado@colon.com,001-779-019-8697
Connor,Thomas,darryllucero@herrera-melendez.com,(958)711-7807
Chloe,Hanson,mullinsrita@whitney-frey.com,(276)082-5145x32289
Drew,Guzman,morrisonann@levy-gillespie.com,-6366
Clifford,Conway,kerrynewman@walters-herrera.com,911-898-5670x6524
Ashlee,Carney,vguerra@newman-higgins.com,6195341447
Jackie,Mccullough,spencergalloway@rivers.com,001-408-710-3110x07304
Crystal,Dougherty,stuart08@grant.com,+1-238-636-2070x8867
Caitlyn,Tapia,cartersally@moon.com,4714761575
Brenda,Estrada,hardinrebekah@burton.org,701.328.4420x6558
Tina,Andrews,karlflynn@riley.com,+1-710-467-4230x82225
Andre,Cunningham,juliannguyen@herrera.com,(924)552-7169x9565
Jesus,Abbott,pkent@gillespie.com,6682148764
Kendra,Bishop,greg54@vang.com,+1-224-175-4327x551
Tyrone,Ayers,pamelatorres@walsh.com,+1-512-094-9201x7349
Isaiah,Andersen,vparrish@marsh-kane.com,469-240-7284x79805
Shelia,Rojas,gonzalezkari@dominguez.com,943.205.6051
Donald,Arnold,isaiahescobar@wyatt-baxter.net,029.144.3636x4543
Kaitlin,Fowler,nathan99@patel.net,759.850.2425x488
Mallory,Browning,rfuller@hays.org,449-913-8622x010
Cathy,Compton,kathleen13@cobb-durham.biz,692.308.7155x60161
Larry,Blanchard,rhondachang@hooper.com,344-879-6265x2915
Robert,Henderson,bauerfernando@lester-baldwin.info,002.334.6601x96537
Glen,Simon,rbrown@blair.com,616.128.9143
Holly,Nelson,sarah29@mcdonald.biz,001-088-949-3404x580
Erin,Wall,finleyangie@carson-medina.com,021-474-8646
Chloe,Durham,isabel97@small-pope.net,281-238-4266x80391
Jeanette,Schwartz,brittany40@ho-jenkins.com,001-920-467-7130
Max,Clements,garyglenn@richard-kirby.info,+1-918-397-7603x7533
Julie,Coffey,wbrady@hayes.com,648-667-5654
Regina,Gilmore,joannejohns@rich.biz,+1-283-289-1603x6932
Lacey,Stark,vcombs@curry-benjamin.com,3204843368
Devin,Jefferson,tdaniels@cordova-baird.net,538-646-3674x42522
Shawna,Spencer,morgan50@phelps-owens.com,113.198.1232x349
Edgar,Meyers,robersonclifford@byrd-salas.com,001-191-297-9239x9405
Levi,Larsen,brandihickman@lyons.com,741.270.4555x931
Victor,Simon,teresaholt@coffey.info,(384)624-2077x889
Lacey,Boone,estuart@stein.com,+1-503-287-7815x72275
Chelsea,Lester,murrayeric@mcgrath.com,(560)442-1117x162
Dominique,Benjamin,jackson23@ashley.com,(025)969-8906
Cheyenne,Marshall,debbiedeleon@barber-flynn.info,+1-784-904-2626x326
Frances,Vance,rlutz@dodson.org,001-078-423-6098x72526
Melvin,Todd,brian89@casey.info,+1-879-286-7868x85150
Gilbert,Larson,alexander26@middleton.com,001-356-872-6888
Tim,Hawkins,kenneth60@mcgrath.net,492.286.3536x1095
Peter,Glass,pamela16@tapia-wolf.biz,+1-773-576-9568x46072
Dan,Shepard,richardkatherine@fields.com,+1-380-680-3322x12351
Crystal,Garcia,ymejia@wolfe-vargas.com,403-529-6844x329
Helen,Diaz,ethornton@francis.com,001-149-326-1812x189
Christine,Cervantes,alexander60@bruce.net,+1-218-634-0508x106
Jeffery,Zhang,ujarvis@watts.com,333.790.0532x37031
Mario,Nolan,pamelaneal@valencia.com,576-085-2510x50951
Abigail,Cochran,elijahcherry@mann.com,+1-015-330-3044x9291
Darlene,Nelson,sbarton@shepard.com,+1-855-196-9418x81071
Dwayne,Davidson,johnsonterry@powers.net,608-318-1360x5790
Gregory,Osborne,maureenstanley@nolan.com,(512)496-2505
Latoya,Clements,edowns@cantu-rodgers.com,(885)565-0844
Brooke,Savage,jonathan71@bush.com,921-336-3578
Savannah,Grimes,diana73@gilbert-schneider.biz,058.465.8134x2518
Donna,Webster,krausetom@buckley.org,022.369.2480x0199
Jim,Ochoa,carlosodom@schultz.org,001-197-167-5644x088
Leslie,Spencer,huffcaitlyn@charles.com,001-738-796-7880x03902
Ariana,Harmon,joshua45@dillon.org,(879)760-8633x890
Paige,Wong,hammondcaitlyn@aguirre.biz,+1-307-022-1642x87860
Darryl,Burnett,emercado@boone-craig.com,+1-363-873-0767x6275
Kristopher,Glass,aprilblevins@cummings-parrish.info,+1-702-319-5627x093
Michael,Huff,traci55@golden.com,349-685-9860x3658
Douglas,Wilkerson,epope@powell.com,001-288-580-6595x26613
Tanya,Howard,kmelton@strong.biz,569-568-6926x10347
Christy,Franklin,coltonarellano@boyle.com,663.769.9149x356
George,Dorsey,villanuevalogan@murillo.info,883.277.3498
Colton,Nixon,nmccullough@vasquez.info,+1-320-691-4069x2667
Daniel,Cobb,barbaranorman@vazquez.com,(861)168-6984
Cristian,Ball,vwagner@blevins-alexander.biz,985-631-2105x524
Francis,Goodman,marthayoung@ellis.net,118-578-4457x94867
Dylan,Boyer,randy44@raymond.com,782.213.1004
Olivia,Cooke,gbender@brown-baxter.com,748.787.9668x90728
Dana,Cohen,herbertparker@wallace.biz,(564)993-0360x899
Megan,Mills,gavinhaas@harrison-barton.info,(375)628-3997x70991
Daniel,Hurst,saundersriley@aguilar.com,(241)100-8810x6119
Danielle,Compton,toddskinner@hart.net,+1-498-398-3416x21339
Mitchell,Mack,shannonmcfarland@cisneros.com,167-360-9181x008
Jessica,Mcknight,jilldixon@frank.com,001-660-874-4134x948
Tyrone,Marshall,carol33@ayala-chase.com,+1-839-602-7946x882
Greg,Allen,aaron08@davies-rush.com,(436)244-8885x6762
Jill,Schultz,tterry@clayton.net,846-215-0904x846
Noah,Hall,don16@crawford.net,(335)034-0871x88037
Wendy,Melendez,salinaseric@osborn.com,(488)032-4779x891
Guy,Rush,theodorewatson@lucero-ochoa.com,1259274868
Monica,Joyce,dboyle@donovan.info,374-180-9047
Lauren,Garcia,penaleon@mccoy.com,+1-142-396-1658x989
Louis,Norris,lindsay05@drake-sanford.com,222.647.8600x32096
Shelly,Rasmussen,dorishaney@morse.com,(855)693-9892x347
Dave,Espinoza,josephpineda@villa.com,+1-179-919-6141x7137
Beverly,Mayo,costabob@daniel.com,(450)955-0268x4381
Larry,Key,ygood@vaughn.com,001-406-973-8446x255
Jennifer,Mcguire,fnielsen@soto-villegas.com,-5568
Olivia,Mills,bhouston@rosario.com,(115)592-3747
Loretta,Simon,tduffy@haney.com,481-365-5890x02793
Janet,Stevens,cesar60@bean.com,(295)611-6638x365
Laurie,Hutchinson,georgegabriella@burch-harrell.com,419.757.5412x23780
Shelly,Green,johnathan92@huff.com,(693)244-7476x383
Curtis,Marsh,alvinrivas@mosley.com,5167984365
Molly,Prince,ewatkins@ewing-brock.org,262.894.8993
Jaclyn,Mcmillan,barry52@herring.biz,+1-260-019-3215x45757
Alejandra,Harding,uhaley@pena.com,842.665.4327
Angie,Salas,kleingregg@melton.net,536.083.3908
Krystal,English,theodoreharper@meadows.com,(977)624-0133
Jenny,Chase,nross@hodge.com,457-502-3219
Erika,Collier,lanedorothy@cooper.info,+1-510-293-3320x16648
Anthony,Meza,latoyahendricks@wheeler-mitchell.info,995-049-8408
Alice,Choi,victor56@glover.com,001-755-948-1608
Malik,Marks,carrillotabitha@leblanc.com,001-566-143-6121x376
Ruth,Jensen,morsebeverly@farrell.biz,339-153-0326x088
Jack,Boone,ashley91@blevins.com,561-746-9597x5175
Charlene,Zamora,sherryburton@robinson.com,680.568.9711x125
Jorge,Mcgrath,hchambers@barrera.biz,350-818-9538
Tricia,Harris,madeline80@cooper-middleton.com,(953)448-9485x73256
Tyrone,Nolan,meadowscarol@solis.biz,958-745-1433x206
Arthur,Pugh,bryce90@chambers.net,001-392-520-6820x33647
Kristie,Oconnor,kellie08@arias.net,(229)550-6154
Albert,Acosta,caitlyn95@hardy.com,838-645-0952
Erin,Deleon,gabriel69@barr-orozco.org,001-518-684-6850x328
Jasmine,Robles,collinwerner@terrell.com,203.157.5411
Kendra,Zamora,pecksamantha@huber.com,(501)586-1110x57986
Dakota,Salas,murillomarcia@wyatt.info,+1-975-398-3312x6830
Jimmy,Wang,fbarrett@steele-blanchard.com,750-322-6558
Lisa,Yates,beverlypreston@cook-fuller.info,001-932-182-2660x0209
Collin,White,andrea14@tran-stevens.org,(115)594-1470
Brittney,Horn,rthornton@hendrix.com,201-612-7730x83016
Maureen,Hurst,wolfecody@marshall.net,757-412-2039x9425
Cynthia,Greene,chad71@blankenship.org,001-241-633-1236x0619
Maureen,Rivers,duncaneric@salas-huff.org,(759)812-4987
Garrett,Villa,duncanpedro@higgins-maldonado.com,238.972.7132x0187
Bill,Richards,roger88@holden.com,(634)290-5807
Kiara,Moon,paynesteven@nguyen-richardson.com,001-414-102-0839x208
Colin,Kaufman,robersonjanice@peterson-herring.com,(336)784-5689x056
Evan,Marsh,julia00@mcclure.info,001-925-357-3563
Kristie,Rice,joycecombs@guerra-burns.com,4200976464
Diana,Monroe,cassidymercado@bonilla.com,+1-171-715-9766x54993
Jerry,Morales,gavin13@logan-downs.com,132.253.8501x097
Tracie,Floyd,lowehailey@oconnor.org,1193982387
Paul,Barnes,hodgeseddie@hardin-wells.com,+1-537-466-3245x3699
Dominic,Duran,owarner@velasquez.info,-5366
